-,495
・,175
一,16
一个,4
一些,3
一体,3
一体化,9
一含,1
一学,9
一定,2
一张,5
一本,82
一样,10
一种,1
一站式,9
一等奖,2
一级,65
一线,3
一练,1
一组,1
一经,2
一网打尽,1
一致,2
一般,5
一课,1
一贯制,1
一部,1
一部分,1
一项,1
丁爱萍,1
七十,1
七大,1
七层,1
万,2
万人,1
万册,11
万名,3
三,1
三个,1
三十年,1
三合一,24
三年制,2
三条,1
三版,1
三类,1
三级,59
三级网络,35
三维,16
三维动画,2
三维重建,1
上,26
上下,6
上下册,2
上册,5
上半年,4
上市,2
上机,172
上机操作,24
上海,1
上游,1
上班族,1
上百,1
上级,1
上线,1
上网,1
下,18
下一代,1
下册,8
下半年,9
下单,2
下卷,1
下载,25
不,269
不再,1
不可,1
不同,2
不断,1
不是,3
不用,1
不知,1
不衰,6
与,1697
与时俱进,5
与样,4
与此同时,2
与程,1
专,2
专业,300
专业化,2
专业学位,1
专业技能,1
专业知识,2
专业英语,66
专业课,3
专业课程,1
专利法,1
专升本,1
专家,28
专本,1
专注,2
专用,173
专科,3
专转本,1
专门,1
专项,1
专题,1
且,1
世界,12
世界观,1
世纪,257
业界,2
丛,1
丛书,42
东北财经大学,1
东方,1
丝网,1
两,2
两位,1
两本,1
两种,1
两门,1
严谨,1
个,220
个人,1
中,96
中专,3
中公,10
中华,1
中华人民共和国,4
中原,1
中国,30
中国地质大学,1
中国大学,1
中国工程院,1
中国科大,1
中国科学院,2
中学,1
中学化学,1
中学生,9
中山大学,2
中心,4
中所,1
中文,48
中文信息处理,3
中文版,37
中文论坛,2
中日,1
中科院,1
中科院计算所,2
中等职业,41
中级,52
中级职称,10
中职,11
丰富,37
串口,1
串讲,47
临床,6
临床医学,2
临考,2
为,46
为主,4
为例,2
为度,1
主,2
主体,1
主动,1
主导,1
主干课程,1
主板,7
主流,5
主笔,1
主编,6
主要,7
主讲,3
主辅,1
主题,1
之,10
之一,3
之作,7
之父,1
之物,1
之美,1
之间,1
乐善,1
乐谱,1
也,7
习惯,1
习集,1
习题,190
习题集,97
书,24
书中,6
书为,1
书国,1
书本,1
书目,1
书着,1
书籍,22
书背,1
买,1
了,53
了解,12
争霸,1
事件,1
事儿,2
事故,1
二,2
二十年,2
二合一,1
二年,1
二手书,1
二次开发,2
二版,2
二等奖,1
二级,313
二维,3
二维码,7
于,15
于承鹤,1
于立洋,1
云,2
云端,6
互联网,12
互认,1
五,108
五合一,2
五大,1
五层,1
五年,1
五年制,3
五笔,4
五笔字型,1
五级,4
亚平,3
亚洲版,1
交互,1
交互式,2
交叉性,1
交换,3
交换机,2
交接,1
交流,5
交通,5
产业,1
产业链,1
产出,1
产品设计,6
产学,1
产生,1
人,2
人人,1
人力资源,1
人员,2
人工,9
人工智能,5
人才,6
人才培养,25
人文,1
人机,1
人机工程,1
人民邮电出版社,9
人类,1
人脑,2
人脸,1
人脸识别,1
什么,2
仅,37
仇同文,1
今后,1
今天,1
介绍,29
从,27
从业,1
从业人员,1
从事,3
从小,1
从版,1
从而,1
从零开始,2
仓库,1
付家,1
付玲,1
付费,108
代,4
代数,2
代码,7
代码运行,1
以,29
以为,1
以位,1
以及,16
以太网,2
以学定,1
以来,1
以自,2
仪器,1
仪表,2
价值,10
任务,37
仿真,27
仿真技术,15
企业,4
众多,3
优,1
优势,1
优化,2
优秀,10
优秀作品,1
优秀教师,1
优质,2
优选,1
会,13
会员,1
会计,6
会计专业,1
会议,2
传动,1
传媒大学,2
传授,2
传统,3
传输,2
伦理,1
伦理学,3
伯恩,2
位,2
位于,1
位元,1
低幼,2
住超,1
体会,1
体例,1
体现,5
体系,13
体系结构,34
体育类,1
体验,2
体验式,1
何,2
何克忠,1
余万册,3
余小燕陆,1
余幅,1
余年,1
作,1
作为,11
作品,3
作序,3
作文,2
作用,1
作者,18
你,7
佳,2
佳作,1
使,7
使用,136
使用手册,1
使用者,1
例,1
例程,1
例题,3
供,1
供电,1
供职,1
依据,5
侧重,3
侯玉荣,1
侵权,1
便,1
便于,4
便携,1
保护,8
保持,2
保留,1
保证,1
信,1
信任,1
信号,1
信号处理,7
信息,28
信息产业部,1
信息化,45
信息处理,10
信息学,5
信息安全,39
信息技术,41
信息检索,4
信息科学,2
信息管理,14
信息系统,31
信毅,1
修复,1
修正,2
修理,1
修订,17
修订本,3
修订版,24
倒塌,1
借鉴,1
值,2
倾力,3
倾情,2
偏重于,1
做,12
做习题,3
做到,2
做评,1
傍身,1
像,10
儿童,4
元,10
元典,1
元虎,4
充分,2
充分考虑,1
充实,1
先后,2
先进,1
先进性,4
先驱,1
光,1
光影,1
光盘,92
光盘版,1
免疫,3
免疫原性,3
免疫系统,1
免费,44
免费视频,1
入学,1
入学考试,8
入选,2
入门,28
入门教程,3
入门篇,2
入门级,1
全,9
全书,42
全免费,4
全册,6
全华,1
全国,704
全套,15
全套教材,1
全年,9
全彩,11
全文,1
全新,13
全方位,11
全球,3
全真,111
全科,2
全程,3
全能,5
全解,3
全过程,1
全面,39
公,1
公众,2
公共,64
公共课,7
公务员,1
公司,6
公安,4
公开课,1
公式,1
公路,1
六合一,1
六大,1
共,1
共个,1
共享,1
共册,4
共本,2
共用,1
关于,1
关注,13
关瑞玲,1
关立,1
关系,1
关键,11
关键技术,2
兴起,1
兴趣,1
兵力,1
其他软件,1
具体,3
具体分析,1
具体化,1
具体表现,1
具备,1
具有,8
典型,10
典籍,4
兼容,1
兼顾,5
内,1
内容,75
内容简介,2
内涵,2
内部,3
冉崇善,1
册,7
再次,1
再版,1
写作,7
写实,1
军事,1
军用,2
农业,3
农业部,3
农家,1
农村,4
农民,1
冯先成,1
冯博琴,7
冲刺,40
冶金,1
准确,1
凝练,6
几何,3
几十万,1
几十所,2
几百年,1
几百所,1
凯文,2
出,11
出发,1
出发点,3
出品,1
出新,1
出版,16
出版物,4
出版社,21
出现,1
函数,3
分,1
分为,1
分册,10
分别,1
分层,1
分布,1
分析,123
分析师,3
分析方法,1
分社,1
分类,2
分词,2
切身,1
划,1
列车运行,1
刘,3
刘国强,1
刘志刚,1
刘念祖,1
刘晓建,1
刘晓斌,1
刘河,1
刘爱荣,1
刘艳,2
刚,1
刚性,1
创业,3
创业史,1
创作,4
创新,24
创新型,2
创新性,2
创新能力,1
创立,1
初中,3
初中级,1
初学者,3
初步,3
初级,11
初级教程,3
初级职称,3
初高中,2
利器,4
利国,1
利用,2
到,20
制,1
制作,40
制图,55
制定,2
制版,4
制胜,1
制造,26
刷,1
刷题,2
刺绣,1
削,1
前沿,6
前沿技术,2
前版,1
前瞻,1
前言,5
剖析,3
力作,12
力图,1
力求,9
力荐,1
办,2
办公,43
办公室,2
办公自动化,9
办公设备,2
办法,2
功能,4
加入,1
加州,1
加工,3
加强,3
加深,1
动态,3
动手,3
动漫,2
动画,19
动画教程,2
动画文件,1
助,3
助力,1
助学,1
助您,11
助教,1
劳动,1
劳动力,2
包,13
包含,9
包括,6
包装,2
包赠,1
包邮,1
包邮年,1
包邮新,1
化,59
化学,10
化实训,2
化工,14
化繁为简,1
北京,14
北京大学,1
北京工业大学,1
北京工商大学,1
北京市,7
北京理工大学,2
北京科技大学,7
区间,2
医学,32
医用,3
医药,9
医院,1
十一五,63
十三,108
十二,1
十二五,203
十五,1
十余年,1
十几,1
十分,1
十年,4
十年磨一剑,2
千所,3
千秋,2
升级,7
升级版,1
半数,2
华中科技大学,1
华侨大学,6
华南,3
华夏,3
华文,2
华诞,1
协会,2
协同,1
协议,2
卓越,3
单,1
单位,4
单招,1
单本,1
单机,1
单片微,20
单片机,1
单独,1
单目,1
卖,1
南,1
南京,5
南京大学,8
南京航空航天大学,1
南开,1
南开大学,4
博士,1
博学,1
博弈,1
博览,2
卡张,1
卢晓丽,1
卫星通信,1
卫生,2
印刷,522
即,4
即可,1
即将,1
即时通,1
即考,4
卷,12
卷轴,1
历久弥新,4
历史,1
历届,1
历年,270
历年试题,1
历经,5
原,3
原书,14
原则,5
原创,1
原本,1
原版,2
原版书,1
原理,388
参与,1
参加,2
参考,15
参考书,7
参考性,1
参考答案,4
参考资料,4
参赛,6
参赛队,1
又,9
及,292
及其,22
及押题,1
及时,2
及版,1
双,1
双喜,1
双色,6
双证制,1
双语,5
双语版,3
反思,1
反映,2
发,11
发出,2
发展,13
发明,1
发烧友,2
发生,1
发电厂,2
发票,2
发行,1
发货,257
取,2
取得,3
取材,2
取证,12
叙述,4
口腔医学,1
口诀,1
古人云,1
古代,2
古建,1
古建筑,3
古籍,5
古籍整理,1
古诗,1
另行,9
只,1
只要,4
可,241
可以,7
可操作性,6
可视化,2
可读性,2
可靠性,3
史,2
叶克江,1
叶片泵,1
号,15
司法鉴定,3
各,2
各个,2
各个方面,3
各大,1
各种,19
各章,1
各类,5
合,5
合一,1
合作,3
合成,2
合理,4
吉涛,1
同时,4
同步,11
名企,1
名家,2
名师,28
名校,41
名著,1
名词,2
后,13
后面,1
向,1
吕,1
吕佳楠,1
含,68
含实训,1
含张,6
含盘,3
含科,2
含科易,10
含科非,1
含金量,12
听说读写,2
启蒙,1
吴,1
吴功宜,2
吸取,1
呈现,2
呕心,1
员,9
员工,1
员级,1
周,2
周佳,1
周刊,1
周泽魁,1
周里,1
命中率,11
命令,1
命题,14
和,274
和工,1
和物,1
咖,1
咨询,1
品牌,19
哲学,4
唐典勇,1
唐朔飞,10
唐铸文,1
售后,156
售后服务,2
商业,1
商务,5
商务英语,1
商品,254
商贸,1
器件,2
四合,9
四川,5
四清,1
四种,1
四级,41
回炉,1
因,1
因材施教,1
因特网,4
团队,3
园林,19
园林景观,4
园林设计,7
围棋,1
固件,1
国,1
国内,12
国内外,3
国外,3
国家,71
国家标准,3
国家电网,2
国家级,19
国网,1
国防,1
国际,9
图,2
图书,57
图书馆,1
图例,1
图像,9
图像处理,22
图形,11
图形图像,27
图形处理,1
图形学,51
图形用户界面,1
图文,2
图文并茂,5
图板,3
图样,3
图灵,3
图灵奖,2
图片,4
图示,1
图表,2
图解,4
图鉴,1
土建类,2
土木,1
土木工程,11
土木建筑,1
圣经,2
圣附,1
在,61
在于,1
在校生,1
在线,53
地,10
地图,6
地址,12
地学,1
地方,1
地理,2
地理学,1
地质,3
地质学,1
场所,1
场景,3
均,2
坐标,1
坐标系,1
型,23
城乡规划,1
城市规划,1
培养,33
培训,38
培训教材,23
基于,58
基因,1
基因学,1
基地,1
基本,23
基本原理,7
基本常识,1
基本技能,7
基本操作,4
基本概念,7
基本知识,4
基石,2
基础,2115
基础医学,1
基础性,2
基础教程,230
基础教育,68
基础理论,5
基础知识,42
基础课,24
塑料模具,1
增值,7
增加,4
增强,3
增辉,3
壁垒,1
声会影,1
声音,1
壹,1
处,2
处理,26
处理器,2
处理工艺,1
备注,4
备考,17
复,1
复习,72
复习考试,1
复合型,1
复旦,1
复杂,4
复杂性,2
夏取权,1
夏涛,1
外,1
外科手术,2
外设,3
外语,2
外部,1
外部设备,2
多,11
多个,2
多么,1
多人会,1
多媒体,23
多媒体技术,14
多媒体计算机,3
多层,1
多年,18
多所,6
多样,2
多次,6
多练,1
多远,1
够用,3
大,16
大专,1
大全,2
大冒险,1
大到,1
大地测量,1
大学,897
大学本科,11
大学生,7
大家,1
大师,4
大盘,1
大礼包,13
大系,2
大纲,42
大脑,1
大计,1
大赛,5
大部分,1
大量,8
大门,1
天,22
天下,2
天勤,4
天德,1
天非,44
太原,2
太君,1
奇趣,1
奉献,1
奔,7
奖,8
套,5
套书,1
套件,1
套卷,1
套装,24
奠基,2
奠定,1
女,1
好,11
好书,1
好评,1
如,1
如何,5
如大,1
如需,3
委员会,14
姚向华,2
媒体,2
孔型,1
字体,1
字库,2
字符,1
存储,4
存储器,1
存储技术,1
孙伟,1
孙力娟,1
孙建,1
孙承庭,2
孙波,1
孟,1
学,12
学与,1
学业,2
学习,119
学习指南,3
学习者,2
学以致用,3
学会,7
学前,1
学前教育,1
学及,4
学堂,6
学好,1
学子,2
学完,4
学实训,2
学得,1
学思,1
学时,5
学术,4
学术年会,6
学术著作,1
学校,21
学案,1
学生,34
学生手册,1
学科,15
学科专业,17
学类,1
学院,83
孩子,1
它,1
宇宙,2
安全,33
安徽,1
安徽师范大学,1
安徽省,1
安排,2
安装,9
宋继军,1
宋贤钧,1
完全,4
完全一致,1
完善,2
完备,2
完整,21
完整性,2
完美,3
宏观,1
官方,76
定,1
定位,1
定制,1
宝典,153
宝宝,1
宝钢,1
实习,10
实作,1
实例,30
实例教程,19
实务,7
实惠,1
实战,23
实操,1
实施,1
实施方案,1
实现,27
实用,87
实用化,1
实用工具,1
实用性,24
实用技巧,1
实用技术,19
实用教程,73
实用英语,2
实用软件,1
实训,280
实践,244
实践型,8
实践性,3
实践经验,4
实际,15
实际操作,1
实验,479
实验室,1
实验教学,1
实验设计,4
宠物,2
审定,15
审计,21
审计署,1
客服,23
室内,2
室内设计,2
家具,4
家居,1
家政,1
家族,1
容错,3
宽,1
寂寞,1
寄语,1
密卷,26
密码,12
对,19
对主,1
对于,1
对应,1
对抗,1
对易,1
对象,1
寻访,1
导则,1
导向,7
导图,5
导学,3
导学含,1
导板,1
导航,9
导论,119
导读,1
封底,8
封装,1
封面,1
将,17
小华,1
小型,1
小学,7
小时,10
小水电,2
小白,1
小组讨论,1
少,5
尤其,2
尤斯,2
就,9
就业,2
就够,1
尽可能减少,1
局域网,1
层析成像,1
层次,4
层次分明,2
层次性,1
展开,1
展现,1
展示,2
属,1
属于,1
山东,3
山东大学,1
山东理工大学,1
山西省,4
山阳,1
岗位,3
嵌入式,18
嵌入式应用,1
州立大学,1
工,2
工业,81
工业用,1
工业部,1
工件,1
工作,20
工作日,208
工作站,1
工作者,1
工具,4
工具书,1
工具箱,1
工具软件,5
工商,1
工学,3
工种,1
工科,2
工科学生,1
工程,110
工程图,11
工程学,2
工程学院,33
工程师,65
工程技术,2
工程硕士,1
工程规划,2
工程设计,3
工程造价,1
工艺,6
巨人,2
巨作,1
巨匠,1
巨著,1
巩固,1
已,6
已经,2
巴朗,3
市场,13
布局,2
布线,3
师,8
师含,5
师易考,3
师至,8
师范大学,8
师范类,1
希仁,12
带,1
带来,2
带领,1
席宁,1
帮,10
帮助,13
常东超,1
常淑凤,1
常用,9
常用工具,19
常用词,1
常用软件,3
常见问题,1
常识,3
幅,1
干净利索,1
平台,36
平板,1
平行,1
平装,1
平话,1
平面,2
平面设计,15
年,548
年会,3
年共期,7
年度,2
年月日,2
年期,4
年末,3
年版,33
并,15
并用,207
并行,2
并重,2
广,2
广东,6
广东省,3
广告设计,1
广泛,7
庄竞,1
庆丰,1
库,39
库附,1
应,1
应对,2
应用,615
应用型,52
应用层,1
应用性,2
应用文,1
应用软件,2
应试,6
底向上,4
店铺,1
度量,2
建工,1
建模,7
建筑,14
建筑制图,4
建筑工程,4
建筑设计,1
建设,20
建设项目,3
建造,1
开元,2
开发,30
开发人员,1
开发工具,1
开发技术,14
开发票,2
开发者,2
开发软件,1
开始,4
开放,1
开考,1
开设,1
式,41
引入,2
引导,13
引论,3
引领,3
张,18
张加,1
张发,1
张基温,1
张宁,1
张彦娥,1
张思卿,2
张慧,1
张晋,1
张本,1
张英宣,1
张鹏,1
强,26
强为,1
强化,18
强化训练,27
强调,9
归纳,2
当代,1
当前,6
录像,1
录入,8
录音,2
形,1
形式,1
彩版,1
彩霞,1
彭国星,1
影印版,2
影视,2
往期,1
很,13
很强,3
徐士良,2
徐文胜,2
徐立萍,1
得,6
得主,2
循序渐进,5
微,7
微信,11
微型,157
微处理器,2
微机,11
微课,23
微软,3
德军,1
德纳,3
心得,3
心智,2
必,3
必不可少,7
必修课,1
必备,36
必练,10
必要,1
必要条件,1
必读,3
快乐,1
快捷,1
快速,13
怎样,2
思想,8
思维,61
思维能力,10
思考,10
思考题,1
思路,7
性,2
性能,2
总,6
总第期,2
总线,1
总结,8
恒开,1
恶意代码,1
悄悄,1
悦刊,1
您,9
情况,1
情境,2
情景,3
想象,1
感染,1
慕课,5
懂,1
懂会用,1
成为,2
成人,3
成就,1
成形,5
成教,2
成新,1
成果,21
成果奖,5
成熟,2
成长,2
我们,2
我国,20
或,2
或全,1
或者,1
战略,1
所,3
所有,7
手,1
手册,23
手及,1
手把手,1
手术,1
手机,365
手机软件,28
手绘,1
手语,1
才,1
才能,1
打,1
打下,1
打下基础,1
打包,1
打印,113
打字,3
打破,1
打通,1
打造,3
执行,1
扩充,1
扫,3
扫描,4
扫码,6
技工,1
技巧,8
技师,1
技术,763
技术人员,48
技术员,8
技术型,2
技术培训,2
技术学校,5
技术手段,1
技术指标,1
技术水平,1
技术类,1
技术规程,1
技术资格,55
技术难度,1
技法,1
技能,46
技能型,6
把,1
投资,1
抢先,1
报告,4
报告书,1
抬头,2
押题,32
抽象,3
拆装,1
拍,11
拓宽,1
拓展,3
招聘,1
拥有,1
持续,1
指,1
指令,1
指南,36
指定,14
指导,441
指导书,19
指导思想,1
指导意义,6
指示,1
按,517
按图索骥,1
按照,2
按章,3
挑选,1
挺秀,3
授权,2
授精,12
授课,27
掌握,22
排序,1
排水工程,1
排版,1
排除,8
探索,1
探索性,1
接入,1
接入网,1
接受,254
接口,10
接口技术,68
接口标准,2
接近,2
控制,12
控制技术,53
控制系统,32
推出,2
推动,2
推理,2
推荐,9
描述,7
提供,32
提出,1
提升,3
提炼,1
提示,1
提高,18
揭开,1
揭示,2
揭秘,4
搜索,11
搭建,4
搭配,1
摊铺机,1
摒弃,1
摘编,1
撰写,2
操作,32
操作员,32
操作工,2
操作性,2
操作技能,4
操作步骤,2
操作界面,2
操作系统,118
操作能力,2
操作过程,2
支持,10
收集,4
改变,2
改版,7
改编,1
改革,19
攻略,4
攻防,6
政府,1
政治,2
故事,1
故事书,1
故障,10
故障诊断,8
效度,2
效果图,4
效率,1
教,8
教务,1
教好,1
教学,117
教学内容,6
教学实验,3
教学改革,11
教学效果,1
教学版,1
教学特点,1
教学研究,7
教学科研,1
教学要求,1
教学质量,1
教学资源,5
教学辅导,1
教师,15
教师计算机,1
教指委,3
教授,13
教改,2
教材,1516
教材内容,5
教案,8
教研,1
教科书,4
教程,1038
教练,2
教育,182
教育培养,2
教育家,1
教育规划,15
教育软件,156
教育部,24
教辅,4
散热,1
数,1
数位,1
数值,2
数十次,1
数字,38
数字化,1
数字电路,1
数字音频,1
数学,39
数学分析,1
数学家,1
数学教师,1
数学知识,1
数学老师,1
数据,29
数据分析,4
数据处理,5
数据库,89
数据库系统,9
数据恢复,4
数据管理,1
数据结构,51
数据通信,14
数控系统,1
数控铣,1
数次,4
数理统计,1
数理逻辑,2
数百,1
数码,4
数码科技,1
整合,2
整理,4
文件,3
文件格式,1
文体,1
文化,103
文化课,1
文史类,3
文员,2
文字,6
文字处理,22
文库,2
文摘,3
文明,1
文林,1
文献,2
文献检索,1
文科,4
文科类,13
文稿,15
文章,2
文轩,37
文都,2
文集,1
断句,2
新,61
新一代,3
新世纪,14
新刊,3
新增,4
新思路,11
新手,3
新手入门,1
新教材,6
新版,17
新理念,2
新生,1
新纪元,1
新编,64
新老,1
新视野,1
新课改,1
新起点,5
新送个,1
新颖,8
方,1
方便,3
方向,2
方式,11
方案,4
方法,48
方面,9
施工,1
旅游,4
无,371
无以,2
无可替代,1
无处不在,1
无敌,1
无纸,1
无纸化,95
无线,1
无线网络,1
无需,1
既,2
既有,3
日,2
日记,1
旧书,1
旧版,2
旨在,2
早,4
旭光,1
时,2
时代,5
时文,1
时期,1
时间,252
时髦,1
明德,1
明确,2
易学,5
易懂,4
易教,4
易用,1
易考,130
易读,1
易错,1
春风,2
是,70
显示,2
普及,2
普林斯顿,1
普通,208
普通用户,1
普通话,3
普通高校,27
景观,2
智勇,1
智慧,1
智能,14
智能手机,1
智能拼音,1
暂,2
暂行规定,2
暨,5
曝光,1
更,8
更加,4
更换,2
更新,5
曾,2
曾次,1
最,3
最佳,1
最后,2
最新,8
最新版,2
月,161
月球车,2
有,23
有名,1
有效,2
有机,1
有用,1
有限,1
服务,14
服务器,2
服务平台,1
服装设计,1
期刊,4
期刊杂志,7
期期,1
期货市场,1
未年,1
未来,54
本,28
本书,63
本品,4
本套,1
本校,2
本科,61
本科专业,1
本科生,2
本质,2
术语,2
朱,1
朱凤明,1
机,1
机制,3
机器,2
机器人,4
机械,12
机械制图,58
机械工程,2
机械类,4
机械设计,7
机电,2
机电工程,3
机电类,2
机考,14
机软件,2
机载,1
机送,1
杂志,28
权威,21
李,3
李伯成,2
李国杰,1
李学干,1
李未,2
李树波,2
李秀,1
李红,1
李继灿,2
李艳杰,1
李谦,2
李霞,1
材料,6
材料科学,13
条例,5
条理清晰,1
来,8
来自,2
杨伍民,1
杨文元,1
杨明波,1
杨永,1
板,1
板报,1
板料,1
极客,2
构型,3
构建,8
构成,1
构造,4
林业大学,2
林元乖,1
林晓勇,1
枯燥,2
架构,10
架构师,1
某某,1
染织,1
查字典,1
柴方艳,1
标,1
标准,47
标准规范,1
标引,2
标点,2
校勘,1
校友,1
校园,1
校级,2
样,1
样书,1
核心,55
核心内容,1
根据,8
格式,2
框架,5
案,1
案例,128
案说,1
桥梁,1
桥梁工程,1
梁艳,1
梦想,1
梳理,2
检修,2
检测,9
检验,1
检验员,1
棒,1
森林,1
概念,19
概括,1
概括性,1
概率,2
概率论,1
概论,30
概貌,1
概述,2
模,1
模具,1
模具设计,2
模块,18
模型,7
模式,14
模拟,278
模拟器,2
模拟系统,3
模拟考试,15
模拟训练,1
模拟题,1
模板,3
横向,1
横向联系,1
次,2
次印刷,1
欢乐,1
款,12
正在,2
正版,222
正版软件,209
步步,1
步骤,4
武汉,3
武汉大学,6
武汉理工大学,2
残院,1
殷人昆,3
殿堂,3
每,1
每个,2
每章,1
每节,1
比较,4
毕业,1
毕业设计,2
毛,1
民国,1
民航,1
水,2
水利,1
水利工程,1
水印,1
水平,63
水电厂,1
水电站,5
永不,2
永新,1
求职,1
求解,2
汇编,146
汇编语言,13
汇聚,1
汉字,1
汉字手写,1
汉字输入,2
汉英,1
汉藏,1
江湖险恶,1
江苏,6
江苏省,6
江西农业大学,2
江西师范大学,3
汤子,14
汤小丹,4
汪海,1
汽车,4
沃森,1
沉浸,1
沉淀,1
沟通,1
没有,1
河北,4
河南师范大学,1
河南省,1
河海大学,2
油气田,1
法律,4
法速,1
注意,1
注意力,1
注释,2
注重,22
泵站,2
洛克,2
洞悉,1
流体,1
流域,1
流程,2
流行,3
浅显,2
浅显易懂,1
测控,4
测绘,3
测色,2
测评,3
测试,29
测试卷,4
测试软件,1
测试题,1
测量,4
测验,3
浙江,1
浙江大学,1
浙江工业大学,6
海外,1
海量,2
海鹰,1
涉及,2
涉及面,1
涉猎,1
液压,2
涵盖,5
淡化,1
淮北,2
深入,11
深入浅出,3
深刻,3
深度,13
混,1
混凝土,1
添加,1
清仓,3
清华,21
清华大学,11
清华大学出版社,6
清晰,11
清楚,3
清芬,3
游戏,9
湖北,1
湖北省,1
源代码,1
源头,1
源文件,3
源码,1
源自,1
溯源,2
满包,4
满足,3
满额,1
漏钢,1
演示,51
演练,24
漫游,1
漫画,1
潘,1
激活码,11
激荡,1
瀛,14
火电厂,2
灵,1
灵活性,1
灵活运用,1
点,3
点评,6
热,1
热加工,1
热点,4
热点问题,1
热门,2
焦守家,1
煤炭,1
照明,1
熊文飞,1
熟,4
熟悉,1
熟练,1
爬虫,1
爱,1
爱好者,3
父人,1
片,2
片上,1
版,876
版一书,1
版为,1
版主,1
版人邮,1
版仅,1
版内,1
版净,1
版含,2
版图,1
版多,1
版微课,1
版本,22
版版,1
版王,1
版画,1
版赠,2
版配,6
版面,1
牙,2
物,6
物探,1
物理,1
物理化学,1
物理学,1
物质,1
特别,1
特征,1
特征提取,1
特效,2
特有,1
特殊教育,1
特点,3
特等奖,3
特色,21
犀利,1
犯罪,4
独到,1
独家,5
独特,1
独立,1
玉成,1
王,2
王先杰,1
王军,1
王国,2
王嫣,2
王宏,1
王庆利,1
王忠民,1
王慧三版,1
王来志,2
王永山,1
王达,2
王道,14
环境,19
环境工程,1
环节,2
现下,1
现代,21
现代科技,1
现实,3
现货,11
班,18
班文,1
理工,1
理工大学,11
理工学院,2
理工科,1
理工类,4
理念,5
理想,1
理清,1
理由,2
理科,1
理解,17
理论,63
理论性,4
理论指导,3
理论知识,2
瓷实,1
生产,2
生动,1
生动有趣,1
生命周期,1
生成,3
生活,3
用,13
用书,64
用作,2
用及,1
用友,11
用得上,1
用微,1
田文德,1
田疆,1
田间试验,2
由,4
由浅入深,5
申请,1
电力,4
电力企业,1
电力系统,1
电动力学,2
电商,1
电器,1
电子,65
电子书,10
电子信息,12
电子商务,9
电子电路,2
电子科技,4
电子线路,4
电子行业,1
电子表,1
电子表格,22
电子计算机,1
电工,3
电机,2
电气,7
电气工程,3
电源,5
电磁干扰,1
电类,1
电缆,1
电脑,349
电脑硬件,5
电脑软件,17
电话,1
电话网,1
电路,20
电路设计,2
画家,1
画质,1
畅销,27
畅销书,6
界定,1
白中英,8
白桦,1
白金,1
百万,3
百所,1
百科全书,1
的,620
监控,13
监理,9
盛宴,1
盛誉,1
目前,5
目标,6
目的,7
目的性,1
直击,3
直接,3
直观,1
直通车,1
相关,15
相结合,13
省时省力,1
省级,3
看,8
看得懂,1
看微课,2
真,55
真实,2
真正,4
真考,20
真题,476
着色器,1
着重,5
着重于,1
瞿谆,1
知,1
知名,5
知己知彼,1
知识,40
知识产权,1
知识库,1
知识点,10
短期,2
短期培训,1
短短的,1
石油,7
石油化工,1
矿业,1
研制,1
研发,2
研究,44
研究会,3
研究员,2
研究成果,2
研究所,2
研究生,13
研究进展,1
研讨会,2
破坏,1
硕士,25
硬件,13
硬派,1
确保,12
示例,3
示范,10
示范性,4
示范校,1
礼券,1
社,10
社会,5
社会保障部,1
社部,1
神器,2
神奇,1
神经网络,1
神话,1
福建省,2
离,1
离散数学,5
离线,2
种,2
种植,2
科,1
科学,20
科学家,12
科学技术,7
科学研究,1
科学素养,1
科学计算,2
科技,18
科技交流,1
科技期刊,2
科技知识,3
科易考,5
科普,3
科普读物,1
科目,1
科研,2
科研人员,2
科研成果,1
科辛,1
秒,11
秘籍,1
秦晓红,1
秩序性,1
积淀,1
积累,1
移动,5
移植,1
程,2
程序,4
程序代码,2
程序员,5
程序综合,2
程序设计,232
稳固,1
稳定,1
稿,3
空间,1
空间设计,1
穿插,1
突出,11
突破,5
立体,3
立体化,24
立减,1
立项,40
站,1
竞争,1
竞争力,1
竞赛,2
章,1
章节,171
笔记,37
笔记本电脑,1
笔试,18
符合,4
第,23
第一,2
第一届,2
第一集,1
第七版,2
第七章,3
第三版,120
第三种,1
第三集,1
第九版,2
第九轮,1
第二,263
第二次,1
第五版,11
第八,1
第六届,1
第六版,8
第十三届,1
第十版,2
第十章,1
第四,1
第四版,29
第期,5
第版,883
第版为,1
第版书,2
第版仅,2
第版以,9
第版含,8
第版微,3
第版网,7
第版该,1
第版赠,1
第版配,3
第章,1
等,78
等位,1
等级,27
答案,37
答疑,29
答题,2
策略,5
简单,6
简单化,2
简明,17
简明扼要,1
简洁,1
简练,1
简述,1
算法,39
算法语言,1
管理,66
管理信息系统,3
管理员,1
管理系统,7
管道工程,1
篇,13
篇幅,1
篇版,1
类,92
类图书,2
类型,1
类附,4
粉末,1
精,1
精准,4
精华,2
精华版,2
精品,90
精品课,2
精品课程,26
精密,1
精度,1
精心,5
精心设计,2
精打细算,1
精析,1
精炼,4
精研,1
精神,2
精粹,3
精练,4
精编,7
精美,3
精装,1
精装版,4
精解,5
精讲,63
精选,58
精通,8
精髓,1
系,6
系列,287
系列丛书,5
系统,95
系统分析,2
系统化,2
系统地,5
系统安全,1
系统工程,2
系统性,6
系统管理,2
系统结构,10
系统维护,3
系统配置,1
系统集成,17
素养,5
素材,10
素质教育,1
索引,2
紧密,1
紧密结合,1
紧扣,2
紧紧抓住,1
紧缺,4
紧跟,2
累计,6
纠纷案,1
纠错,1
红,1
级,24
级计算机,2
纪念,1
纲领,1
纳入,1
纳税,2
纸质,479
线,3
线以,1
线图,1
线材,1
练,2
练习,186
练习册,1
练习题,1
练会,4
组合,5
组套,2
组建,4
组态,1
组成,192
组织,14
组编,1
组网,12
组装,230
细致,3
终端,2
经,7
经久不衰,2
经典,42
经典之作,3
经典著作,3
经历,1
经受,1
经济,11
经营部,1
经过,4
经验,12
结合,19
结合实际,1
结晶,2
结构,38
结构化,1
结构合理,3
结果,2
绘制,2
绘图,166
绘图员,12
绘画,1
绘谱,2
给,2
给出,4
给排水,2
给水,1
统一,5
统编,1
统考,17
统计,2
统计学,4
继续,4
维修,86
维修工,14
维度,1
维护,220
综合,87
综合性,1
综述,1
编,1
编写,32
编写者,2
编制,2
编撰,2
编码,2
编程,41
编程技术,2
编程设计,1
编程语言,1
编窄,1
编纂,1
编著,2
编译,4
缝纫机,1
缺少,2
缺陷,1
网,6
网上,1
网授,15
网校,2
网格,1
网站,3
网络,84
网络体系结构,2
网络化,1
网络安全,64
网络工程,8
网络应用,6
网络操作系统,1
网络教程,24
网络版,2
网络理论,1
网络管理,4
网络管理员,18
网络综合,1
网络计算机,1
网络课堂,11
网络资源,1
网络软件,1
网络通信,3
网网,1
网页,123
罗嵘,1
罗敏,1
美国,6
美惠,1
美术,6
群,8
群体行为,1
群可,1
群新,1
群组,1
翁梅,1
翔实,1
翻译,18
翻转,1
翻页,1
老师,4
老年大学,2
老本,1
考,57
考前,37
考场,106
考核,2
考点,94
考生,7
考眼,4
考研,395
考研网,3
考级,1
考纲,22
考证,9
考试,536
考试卷,3
考试指南,12
考试题,11
考附,1
考题,42
考验,1
者,3
而,8
而且,1
而成,2
聊城,1
聋人,1
聋校,1
职,1
职业,65
职业技能,32
职业资格,16
职业院校,3
职场,4
职称,164
联合,1
联系,14
联系实际,2
联网,11
联考,1
联袂,1
联锁,2
聚能,1
育人,1
背,1
背后,2
背景,1
胡从炎,1
胡伟武,1
胡海辉,1
能,10
能力,81
能够,3
能用,1
脉络,1
脊柱,1
膝关节,3
自,5
自主,3
自动,16
自动化,10
自动化系,1
自动识别,1
自学,15
自测,1
自然语言,4
自由,1
自考,2
自顶向下,3
至,32
至今,1
航天器,1
航天技术,1
航空,1
舰船,2
船体,2
船舶,1
船舶设计,1
良好,2
良好基础,1
艺术,8
艺术类,4
艺术设计,14
艺用,1
芦静蓉,1
芯片级,1
苏州大学,2
若干,1
英中,1
英国,2
英文,5
英文版,36
英汉,4
英汉双解,1
英特尔,1
英语,54
英语专业,1
英语口语,1
英语听力,1
英语教学,3
英语翻译,1
苹果,1
范丽娟,2
范例,3
范新龙,1
范潇允,1
范畴,1
荣光,1
荣耀,1
荣获,3
药学,5
药物,4
获,11
获原,1
获取,13
获奖,1
获得,2
营造,1
著作,6
著作权,1
著名,25
董林峰,1
蓉,1
蓝牙,1
薛弘晔,1
藏文,3
虎,4
虎贲,1
虚拟,3
虚拟现实,1
融会贯通,1
融入,1
融合,7
行,1
行业,14
行业标准,1
行之有效,1
衔接,7
补充,2
表情,1
表格,3
表现,6
表达,2
表达方法,1
袁,3
袁同,1
被,11
装备,2
装机,3
装置,3
装药,1
装配,3
装饰,2
裴玉玲,1
褪色,1
西北工业大学,2
西南,6
西安,2
西安交通大学,2
西安电子科技大学,1
西门子,1
要,1
要求,6
要点,5
要素,1
要领,2
覆,1
覆盖,7
覆盖面广,3
见,1
见书,12
见证,1
观点,1
观看,4
规,1
规划,753
规划设计,1
规定,1
规律,1
规范,8
规范化,1
视图,1
视觉,46
视角,4
视频,141
视频教程,6
角度,3
角色,1
角色扮演,1
解,1
解决,13
解决方案,4
解决问题,2
解析,107
解答,83
解读,5
解释,1
解题,18
触控,3
言,1
警务,1
警官,1
计划,2
计算,84
计算技术,3
计算机,3688
计算机专业,117
计算机主机,1
计算机二级,49
计算机信息,46
计算机化,2
计算机屏幕,1
计算机应用,1142
计算机技术,124
计算机控制,15
计算机操作,15
计算机教育,38
计算机机房,1
计算机犯罪,2
计算机病毒,11
计算机相关,1
计算机硬件,48
计算机硬盘,1
计算机科学,186
计算机程序,12
计算机等级考试,517
计算机系统,94
计算机网,2
计算机网络,686
计算机软件,41
计算机辅助,260
计算机音乐,3
计算机领域,3
计算题,1
订座,1
订杂志,1
订阅,13
订餐,1
认知,3
认知科学,1
认证,5
认识,3
讨论,2
让,4
让你在,1
让你能,1
训,1
训练,26
训练方法,1
记,1
讲,2
讲义,62
讲堂,2
讲座,1
讲授,1
讲故事,1
讲班,12
讲解,30
讲述,3
论坛,3
论文,3
论文选,1
论文集,17
论述,1
设备,1
设置,3
设计,268
设计员,12
设计师,30
设计标准,1
设计规范,1
访问,1
证书,14
证实,2
证据,1
评为,1
评价,3
评分,10
评分标准,1
评定,1
评比,1
评注,3
评测,4
识别,2
识别方法,1
识图,1
诉恒开,1
词典,6
词汇,2
译,2
译丛,4
译文,1
译者,1
试卷,118
试点,1
试用,43
试行,2
试题,128
试题库,49
话,1
详实,3
详尽,4
详细,17
详解,82
语义学,2
语言,153
语言学,5
语言版,5
说,1
请,29
读书,1
读懂,2
读本,3
读物,2
读者,22
课,4
课件,48
课后,42
课后练习,1
课堂,2
课外,1
课学,1
课时,1
课版,3
课程,163
课程体系,7
课程标准,5
课程设计,14
课课,5
课题,2
课题组,1
调试,13
调香,3
谈,2
谢,12
谢柏青,7
谢芳,1
谭浩强,1
谭阳,1
谷,1
负有,1
负责人,2
财务,5
财务会计,1
财务管理,8
财务软件,5
财经,7
财经类,4
责任,1
质量,257
购书,1
贯穿,2
贯通,1
贴近,1
贺岁版,1
资,1
资料,121
资格,1
资格考试,10
资深,7
资源,33
资源共享,8
资讯,3
赚,1
赠,15
赠真考,3
赠真题,1
赠送,14
走进,3
赵,1
赵伟华,1
赵守,1
赵嵩颖,1
赵帮华,1
赵松筠,1
赵芸,1
赵邦信,1
起,4
起到,1
起来,2
起订,6
超,2
超值,3
超大,24
超级,3
超级计算机,1
超过,3
超高,1
趋势,1
趣学,1
足,4
足够,1
足迹,1
跑,1
跟踪,2
跟进,1
跨越,1
路,1
路径,3
路由,3
路由器,2
车,1
车身,2
轧机,1
转型,1
转换,1
转本,1
转移,2
软,1
软件,342
软件工程,21
软件应用,17
软件开发,3
软件技术,2
软件教程,6
软件测试,9
软件系统,5
软件结构,1
软工,1
软硬件,6
软考,7
轻松,18
较,9
较为,1
较强,1
辅助,7
辅助设计,1
辅学,1
辅导,44
辅导书,4
输入,1
输入输出,1
边学,1
边用,1
辽宁省,1
达,1
达到,1
达标,1
迁移,2
迅速,3
过,1
过关,27
过程,16
运动,1
运动鞋,1
运用,3
运筹学,3
运行,1
近次,1
返元,1
还,4
还有,2
这些,1
进入,1
进化,1
进化论,1
进展,2
进步,2
进行,10
进阶,3
远程,1
远程教育,2
连铸,1
连锁,1
退,2
退换货,254
退色,1
退货,2
送,2
适中,2
适于,1
适合,12
适年,2
适应,3
适用,57
逆,1
选,2
选作,2
选修,1
选取,1
选型,1
选择,10
选择题,9
选用,3
选线,1
选编,1
选购,3
选配,1
透,1
透彻,1
透视,1
透解,1
逐步提高,1
逐章,16
递进,1
通,72
通一,1
通俗易懂,15
通信,46
通信协议,1
通信工程,2
通信接口,1
通信网,1
通关,8
通用,10
通电子,1
通讯,2
通识,6
通路,1
通过,31
通过率,25
速发,1
速学,1
速录,3
速成,2
速查,1
速记,6
造,1
造型,4
造字,1
逻辑,16
逻辑思维,1
逻辑电路,2
逻辑设计,1
逾,1
遇到,1
道光,1
道路,2
遥,2
邢邦,1
邮,4
邮电大学,1
邮箱,2
邱建霞,1
郑,1
郑学坚,5
郑州大学,2
部,3
部分,27
部委级,2
部署,1
郭宝宇,1
郭领艳,1
都,120
配,29
配光,1
配套,96
配教,1
配有,14
配置,9
配置管理,1
配色,2
配送,2
采用,16
采矿,1
采购,1
释疑,3
里面,1
重印,2
重大,4
重庆,5
重庆市,1
重建,4
重点,25
重点难点,3
重装,1
重要,3
重视,4
量,1
量化,2
量子,6
量身,1
金属,1
金山,5
金融,2
金融机构,1
鉴定,25
鉴定考试,4
针对,3
针对性,2
钱积,1
铁路,4
铁道,2
铁道部,2
银行,2
银领,1
铸就,2
铺,6
链接,2
销售,5
销量,4
锐捷,1
错题,16
键盘,1
锻炼,1
锻造,2
门到,2
门户,1
门类,1
闪电,1
闫,1
问题,283
间,1
阅读,46
阐述,4
防护,5
防控,1
防治,1
防范,3
阳平,1
阶,1
阶梯式,2
附,1
附光盘,49
附带,1
附录,1
附微课,2
附盘,1
附赠,3
陆奎,1
陈,1
陈国良,1
陈学平,1
陈左宁,1
陈建铎,1
陈江辉,1
陈熙霖,2
陕西省,2
院士,5
院校,39
随书,2
随书赠送,12
随堂,1
随时,1
随时随地,11
随机,1
隐匿,1
隐藏,1
难易,2
难点,3
难解,1
雄狮,1
集,7
集中,1
集体,1
集合,1
集成,9
集控,1
集是,1
零,7
零件,3
零起点,1
雷超阳,1
雷震甲,3
需,518
需求,6
需要,3
青,1
青岛,1
青睐,1
非,398
非常,13
非常适合,1
非机类,2
非电类,1
靠,1
面向,30
面向对象,1
面试,1
革命,2
鞋样,1
鞋类,2
韧带,3
韩毅刚,1
韩立,1
音乐,1
音视频,1
音频编辑,1
页,2
页面,1
项目,228
项目管理,25
颁发,2
颁布,1
预售,1
预测,22
预订,2
预防,1
领先,1
领域,5
题,8
题型,1
题库,489
题目,2
题眼,3
题解,16
题量,4
颠覆,1
风景园林,5
风格各异,1
风采录,1
风靡,1
飞跃,1
食品药品,1
饭店,1
首席,1
首本,1
首选,2
首都师范大学,1
香年,1
驱动,32
驱动程序,1
验证,1
验证码,1
骨,1
骨干,1
骨架,1
骨科,1
骨肿瘤,1
高,54
高分,21
高天哲,1
高度,3
高成,1
高手,11
高效,2
高效能,2
高教,2
高校,40
高清,35
高端,1
高等,12
高等专科,1
高等学历,1
高等学校,240
高等教育,218
高等教育出版社,7
高等数学,1
高等职业,59
高等院校,129
高级,118
高级职称,3
高职,33
高职高专,214
高见,1
高速铁路,1
高频,7
魅力,1
魏彬,2
魏晓莉,1
魏海平,1
魔术,1
鱼童,1
鱼群,1
鲁杰,2
鲜明特点,1
黄金搭档,3
黑客,7
默认,2
鼎信诺,1
鼎力,3
齐全,2
齐鲁,1
龙芯,2
﻿,1
＆,1
＋,251
－,5
．,3
２,1
８,1
：,150
Ｄ,2
Ｍ,1
Ｏ,1
Ｒ,1
Ｖ,1
�,4
